male,year,studylike,Grade,univ,dream,club,studytime,sleep,free,Cram,sptime
1,2,3,3,0,0,5,30,390,420,0,120
1,3,2,3,1,0,0,137,429,514,1,183
1,2,5,5,0,1,2,0,420,471,0,386
1,2,3,4,1,2,3,69,454,497,3,120
0,2,3,3,0,1,3,39,484,184,0,214
1,2,5,3,0,1,6,0,411,154,0,600
0,3,3,5,1,1,0,334,324,126,7,51
1,3,4,5,0,0,0,0,351,223,0,197
0,3,5,5,1,0,0,326,420,180,2,240
1,3,4,3,0,0,0,0,446,266,0,471
1,3,2,3,0,2,0,39,373,583,0,189
0,2,5,2,1,0,0,0,386,926,0,300
1,2,5,5,0,1,0,122,480,360,0,420
1,3,3,3,1,2,6,197,394,137,7,180
0,2,4,2,0,1,2,86,351,463,0,369
1,2,5,5,0,2,6,9,377,343,0,351
1,2,3,5,0,0,0,0,437,300,0,300
0,2,3,4,1,1,2,180,360,249,0,123
1,2,5,4,1,0,0,0,291,754,0,514
0,2,4,3,1,1,6,124,360,180,4,180
0,2,1,3,0,1,3,137,437,197,0,300
1,2,3,2,0,1,3,0,549,514,0,394
0,2,4,2,1,2,6,60,420,154,0,94
1,3,3,2,1,2,0,137,493,240,3,120
1,1,4,2,1,1,6,77,377,231,0,274
0,2,4,3,1,2,5,0,471,223,0,249
0,3,1,4,1,1,0,429,300,137,3,120
1,2,3,2,1,1,6,99,467,274,0,214
1,3,3,3,1,2,7,394,407,60,7,90
1,2,5,5,0,0,7,1,351,531,0,309
1,2,5,5,0,0,0,60,300,300,0,77
0,2,4,3,1,1,3,30,351,926,0,514
1,2,5,3,1,1,6,16,411,626,0,77
0,2,3,4,1,1,3,30,411,840,1,317
1,2,5,5,0,1,5,7,326,73,0,154
1,2,3,1,0,0,0,5,497,754,0,1440
0,3,3,3,1,0,3,219,467,476,0,171
0,3,2,3,0,1,7,111,424,214,0,159
0,3,3,1,1,2,0,137,317,463,0,94
1,3,5,3,1,0,0,94,411,249,0,94
1,2,3,3,0,0,0,39,240,171,0,214
1,3,2,3,1,2,7,463,270,60,2,60
0,2,2,3,1,2,5,0,407,334,0,274
1,3,2,1,1,0,0,154,360,180,0,124
1,2,5,5,1,1,5,0,334,309,0,549
1,2,3,4,1,1,6,86,394,77,0,81
1,2,5,5,1,1,6,47,471,437,0,171
1,2,2,1,1,1,6,77,420,94,0,137
0,3,5,3,1,1,0,386,317,60,7,90
0,3,5,4,1,0,0,480,377,60,7,60
1,2,2,2,0,1,0,0,420,703,0,703
1,2,3,5,0,0,7,0,334,840,0,1003
0,2,5,5,1,0,1,60,360,300,0,214
1,2,3,3,1,1,6,39,369,111,0,86
0,3,5,4,0,2,5,167,471,309,0,454
1,3,3,3,1,1,0,386,300,107,1,154
0,2,5,3,0,1,5,6,300,231,0,231
1,3,4,2,1,2,0,351,394,77,6,94
1,3,2,2,1,2,6,60,420,600,0,60
1,2,5,3,1,1,7,0,463,257,0,300
0,2,3,3,1,1,6,137,377,154,3,193
1,3,3,4,1,0,0,394,394,274,6,257
0,3,2,2,1,2,0,407,377,137,0,197
1,3,3,5,1,2,0,287,360,137,3,180
1,3,4,3,1,1,0,317,360,90,5,90
0,3,1,1,1,2,0,180,463,420,0,99
1,2,3,3,1,1,6,39,291,189,0,189
0,2,5,5,1,0,0,30,274,309,0,437
1,3,3,3,1,0,0,30,514,506,0,197
0,3,3,1,1,2,0,429,480,660,1,137
1,2,2,2,1,0,6,60,420,600,0,360
0,2,3,3,1,0,5,77,394,274,0,180
1,3,3,3,1,1,0,77,377,283,0,180
0,2,3,2,1,1,6,30,420,240,0,120
0,3,3,2,0,0,0,47,403,360,0,214
0,3,5,5,1,1,0,0,506,711,0,471
0,3,2,3,1,2,0,60,437,257,0,279
1,2,3,3,1,2,0,120,514,480,0,154
0,3,1,4,0,0,0,51,420,343,0,77
1,2,4,5,0,1,0,0,437,1440,0,626
1,2,3,2,0,2,3,0,437,1140,0,171
0,3,4,3,1,2,7,549,300,154,7,154
1,2,3,3,0,2,0,1325,420,1200,0,300
0,3,3,3,1,2,0,0,373,711,1,386
1,2,3,3,1,1,6,86,377,249,0,214
1,2,4,5,0,1,4,43,343,283,4,266
1,2,3,3,0,0,3,77,266,386,0,600
1,3,4,4,1,2,6,154,437,377,1,171
0,2,4,5,1,1,6,137,334,214,0,99
1,2,5,3,0,1,6,39,420,189,0,154
0,3,3,2,0,2,3,9,360,540,0,240
0,2,4,3,1,1,3,0,334,429,0,300
0,3,3,4,0,1,1,9,334,120,0,471
1,2,5,1,0,0,0,17,437,463,0,334
0,3,5,3,0,2,1,0,454,711,0,309
1,2,4,3,0,1,4,17,450,583,0,463
1,3,3,3,0,1,0,0,454,600,0,600
0,2,3,3,1,2,5,60,300,60,0,300
1,2,3,3,1,0,6,60,360,343,0,309
0,2,4,2,0,1,1,0,360,446,0,317
1,3,1,1,1,1,0,291,360,1440,2,137
0,3,5,4,1,1,0,0,429,377,0,386
1,2,1,5,1,0,6,39,339,377,0,420
0,2,4,4,1,1,1,56,429,274,1,394
1,2,5,3,0,1,5,0,454,291,0,291
1,2,3,1,0,1,3,39,394,386,0,137
0,2,4,4,1,1,6,77,360,129,2,137
1,2,4,4,0,1,5,17,300,300,0,180
0,3,5,3,0,0,0,0,377,514,0,343
0,3,2,2,1,2,0,437,399,789,0,334
1,3,5,4,1,0,0,77,360,583,0,420
1,3,3,3,1,0,3,214,360,94,4,137
0,2,3,1,1,0,6,0,394,291,0,291
0,2,3,2,0,2,0,0,399,274,0,214
1,2,5,5,0,0,6,30,506,240,0,189
0,2,5,5,0,2,7,17,429,360,0,257
0,3,3,4,1,1,0,120,420,506,0,146
0,3,3,2,1,2,0,223,394,103,3,103
0,2,5,5,1,0,5,39,399,146,0,304
1,2,4,3,0,2,3,0,484,626,0,231
0,3,3,2,1,1,0,386,360,77,2,60
1,2,5,4,0,2,2,0,471,669,0,1440
0,2,4,3,1,1,6,94,437,231,0,154
1,2,5,3,0,0,0,0,429,840,0,360
1,2,5,4,0,1,7,0,420,154,0,274
1,2,4,4,1,1,6,77,420,214,0,197
1,2,5,5,0,0,6,0,394,626,0,300
1,3,1,3,1,1,0,386,437,94,2,94
0,2,3,2,0,0,0,39,471,171,0,94
0,3,4,5,1,0,0,369,334,463,7,154
0,3,3,2,1,1,0,326,411,446,0,274
1,2,5,5,0,0,5,0,360,291,0,463
1,3,5,4,0,1,0,0,420,1440,0,300
0,3,3,3,1,2,0,0,339,291,0,480
0,3,4,1,1,0,0,107,497,463,0,236
0,3,3,3,1,1,0,60,394,17,2,77
0,3,3,5,0,2,0,60,399,154,0,137
0,2,3,3,1,2,2,137,334,223,4,351
0,2,3,2,0,0,0,120,377,1033,0,30
1,2,2,2,1,1,5,137,434,154,0,154
1,2,3,5,1,2,7,137,420,129,0,249
1,3,3,2,1,2,0,60,394,240,0,240
0,2,3,5,0,2,5,39,467,171,0,99
1,2,4,3,0,1,0,30,334,600,0,154
1,2,3,4,1,0,5,86,480,231,0,154
1,2,5,4,0,1,5,0,420,557,0,240
0,3,3,3,1,0,0,394,471,214,0,171
0,3,3,4,0,1,5,291,317,343,0,193
0,3,1,3,1,2,0,22,420,300,0,77
0,2,3,5,0,0,1,9,274,840,0,214
0,2,4,4,1,1,6,30,369,223,0,120
0,2,5,3,0,0,0,0,536,1440,0,300
0,2,3,3,0,1,1,39,416,471,0,497
0,2,2,3,0,2,7,39,480,137,0,77
1,2,3,4,1,2,6,0,411,257,0,231
0,2,4,4,1,1,2,39,424,257,0,154
1,2,4,5,0,1,7,30,420,180,0,351
1,3,1,3,1,2,0,1029,806,446,0,857
1,3,5,5,1,0,0,77,377,840,0,737
0,2,2,3,1,0,6,39,334,180,0,137
0,2,1,3,1,1,0,249,420,146,0,146
0,3,5,3,0,0,0,0,471,274,0,197
0,2,4,4,1,1,5,99,390,249,2,197
1,3,3,3,1,1,0,386,240,214,0,180
0,3,3,2,1,2,0,429,334,111,7,176
1,3,2,4,1,1,0,77,420,369,0,179
0,2,5,5,0,0,7,30,399,231,0,369
1,2,3,5,0,2,0,0,394,386,0,257
1,3,3,2,1,1,0,189,420,669,0,214
1,2,3,3,0,1,0,99,231,1097,0,1029
1,2,3,4,0,1,0,0,437,429,0,334
1,2,3,2,1,1,6,0,386,137,0,240
0,2,2,2,1,1,6,39,399,240,0,236
0,3,4,3,0,1,0,39,437,326,0,274
1,3,2,1,1,2,5,291,450,107,0,56
0,2,3,2,0,2,0,0,454,669,0,429
0,3,3,3,0,0,5,0,373,180,0,206
0,3,2,2,1,2,0,60,416,531,2,309
0,3,4,3,0,1,5,15,450,283,0,229
0,2,5,4,0,2,0,0,484,471,0,266
0,3,4,4,0,1,0,244,394,626,0,236
1,2,5,2,1,1,6,0,360,120,0,180
0,2,5,5,0,2,0,60,527,317,0,291
1,2,4,3,0,1,6,0,377,386,0,291
1,3,3,3,1,0,0,231,420,240,5,120
0,2,3,4,0,2,5,30,463,334,0,171
0,2,5,3,0,2,6,39,437,369,0,257
0,3,5,4,0,1,0,0,351,351,0,514
1,3,3,3,1,1,0,214,394,351,7,137
0,3,3,4,0,0,0,30,437,386,0,274
1,2,5,5,0,1,6,26,450,429,0,214
1,2,5,4,1,2,3,17,454,711,2,420
1,2,3,2,1,1,2,77,489,1440,2,394
1,3,2,3,1,1,0,176,476,137,1,189
0,2,3,4,1,0,0,77,416,686,0,420
1,3,5,5,1,1,0,214,351,617,6,257
0,2,3,2,1,0,6,69,450,420,0,159
1,2,1,1,1,2,0,171,291,754,0,266
0,2,3,3,1,1,0,39,454,180,0,154
0,2,4,3,1,1,5,30,403,309,0,171
1,3,2,2,1,1,0,411,360,60,6,120
1,2,3,1,0,0,0,0,360,309,0,309
0,2,3,4,0,1,2,0,356,291,0,197
0,3,2,4,0,1,0,21,514,257,0,146
0,2,3,3,0,1,5,56,424,429,0,227
0,3,4,4,1,0,0,214,360,137,3,99
1,2,3,3,0,0,6,0,540,274,0,189
0,3,5,5,0,2,0,0,433,1011,0,429
0,3,3,3,1,2,0,39,351,171,0,197
0,3,4,3,0,2,0,49,356,163,0,116
0,2,4,5,1,0,0,0,471,446,1,429
1,2,5,5,0,0,0,0,377,377,0,274
0,2,3,1,1,1,1,77,437,471,0,249
0,2,3,2,0,0,0,69,420,120,0,120
0,2,4,5,1,2,6,0,377,197,1,257
1,3,5,5,0,2,0,9,420,300,0,137
0,2,3,3,1,2,2,0,394,300,0,231
0,3,4,5,0,0,0,0,330,471,0,471
0,2,3,2,1,0,3,77,377,386,0,214
0,2,3,2,0,1,5,17,291,480,0,309
0,3,5,3,0,2,1,0,480,300,0,197
0,2,4,2,0,0,0,0,403,369,0,437
1,2,4,3,0,1,6,0,386,420,0,317
1,3,5,5,1,2,0,129,283,360,3,377
1,2,5,5,1,1,0,0,366,600,1,266
1,2,3,3,0,0,0,0,369,309,0,257
0,2,4,5,1,0,2,19,351,566,0,231
0,2,4,5,0,2,5,77,377,77,0,99
1,2,4,3,1,1,6,99,484,171,0,197
1,3,5,5,0,0,0,0,300,883,0,686
1,2,2,4,1,0,0,60,360,180,0,120
0,3,2,3,1,2,0,386,270,94,6,120
0,3,2,2,1,1,0,171,429,926,2,240
0,2,4,3,1,1,5,77,420,111,0,154
0,2,3,2,0,0,3,0,433,231,0,231
1,3,3,2,1,1,0,47,416,206,1,154
1,2,5,3,1,0,7,0,480,236,0,133
0,2,5,4,0,2,7,9,360,193,0,274
0,2,4,3,1,0,1,77,416,266,0,154
0,2,4,4,1,0,6,9,300,180,0,116
0,2,5,4,1,2,0,30,343,291,0,266
0,2,3,4,0,2,6,39,454,154,0,197
1,3,3,4,1,0,0,214,437,137,4,137
0,2,5,5,0,0,0,0,343,120,0,120
1,2,2,2,1,0,5,17,459,600,0,506
1,2,5,5,1,1,6,39,407,523,0,249
1,2,3,5,1,1,3,77,480,214,0,94
0,3,4,5,1,0,0,274,394,189,7,154
0,3,3,3,0,2,0,17,471,540,0,300
1,2,5,2,1,1,2,77,180,754,0,613
1,3,5,5,0,1,0,0,326,840,0,840
0,2,3,3,1,1,3,154,416,107,2,120
1,2,4,4,0,1,5,11,394,540,1,254
0,3,1,3,1,2,0,334,420,711,4,214
0,3,3,5,1,1,6,386,1359,94,7,69
0,3,5,5,1,2,1,30,334,1440,0,369
0,3,4,3,1,2,0,39,441,463,1,231
1,2,5,2,0,2,0,0,360,180,0,360
0,3,2,3,1,2,0,60,429,463,0,210
1,2,5,5,0,2,7,30,377,189,0,274
0,2,3,3,0,2,0,0,399,351,0,214
0,2,4,4,0,1,5,54,394,411,0,133
1,2,3,5,0,1,6,39,360,60,0,274
0,2,3,3,1,2,1,107,377,214,0,137
0,3,5,5,1,2,0,0,471,420,0,180
0,3,5,4,0,1,2,60,506,291,0,300
0,3,3,2,1,2,0,274,394,214,2,197
1,2,1,1,1,2,0,180,420,300,0,309
1,2,4,4,1,0,6,47,377,167,3,137
1,3,3,3,1,1,7,39,377,386,0,257
1,2,3,2,1,1,6,60,399,266,0,300
0,2,4,3,0,2,5,26,373,60,0,103
1,2,4,4,0,2,4,19,369,549,0,411
1,2,4,2,0,0,3,0,360,489,0,159
1,2,3,3,1,0,6,39,420,214,0,214
1,2,4,5,1,0,5,39,420,317,2,283
1,2,3,3,0,0,0,0,309,1440,0,1440
1,3,5,5,0,2,0,60,377,386,0,309
1,3,3,3,1,1,0,214,360,454,3,137
1,3,4,2,0,1,0,0,394,471,2,180
0,2,5,3,0,0,5,17,450,171,0,77
1,2,5,3,1,1,0,0,446,969,0,429
1,3,5,5,1,0,0,441,321,497,7,300
0,2,3,2,0,1,6,60,437,300,0,420
1,3,4,3,0,2,4,343,394,257,2,257
0,2,5,5,0,2,7,39,300,111,0,77
0,3,3,2,0,1,1,0,351,309,0,334
0,2,4,5,1,1,6,60,386,386,0,257
0,3,4,4,1,2,0,47,394,249,0,154
0,3,3,3,1,0,0,386,334,1097,3,120
1,2,3,1,0,1,0,0,411,291,0,165
0,3,3,2,1,2,0,30,480,549,0,360
1,2,2,4,0,0,0,0,326,309,0,549
0,2,3,3,1,1,0,30,394,514,0,257
0,2,4,3,1,2,1,94,377,309,0,300
1,2,5,5,0,0,5,30,300,377,0,180
0,2,3,3,1,2,6,116,334,107,1,274
1,2,3,5,0,2,0,34,416,214,0,566
0,2,2,4,0,2,5,99,356,34,0,69
0,3,4,2,1,2,2,214,463,304,0,46
0,2,3,3,1,1,6,99,349,231,0,146
1,2,2,2,0,1,0,0,420,317,0,1440
1,2,1,1,1,1,0,137,514,583,1,429
1,2,5,4,0,0,0,0,394,386,0,137
1,3,5,5,0,2,6,0,416,411,0,180
1,2,1,1,1,1,5,189,390,360,0,54
0,3,5,5,1,1,0,0,476,343,0,309
1,2,4,4,1,0,6,60,420,600,0,300
1,2,2,2,1,1,6,116,317,351,0,77
1,3,1,1,0,2,0,0,163,840,0,231
1,2,5,4,0,0,1,0,540,1140,0,283
0,3,3,3,1,2,0,137,394,94,2,137
0,2,5,3,1,0,5,77,360,111,0,137
0,2,2,5,1,1,6,120,317,291,5,189
0,3,4,3,1,2,0,261,403,266,4,77
1,2,5,5,1,1,5,0,360,343,0,223
1,2,3,2,1,1,5,137,377,231,0,351
0,3,4,4,0,1,1,39,317,343,0,231
1,4,4,5,0,0,0,0,480,1440,0,840
1,3,3,2,0,2,2,0,480,60,0,60
1,3,5,5,0,2,0,0,411,377,0,394
0,2,5,3,1,0,6,0,343,214,0,137
1,3,5,4,1,0,0,180,240,300,0,120
1,2,3,3,1,0,2,60,514,300,0,77
0,3,4,3,0,2,0,0,180,240,0,214
0,2,3,5,1,2,7,34,300,90,0,180
0,2,3,3,1,2,5,171,497,86,1,176
1,2,4,4,1,0,6,17,420,317,0,257
0,2,5,3,0,1,7,0,471,283,0,283
1,2,4,3,1,0,0,77,377,249,0,171
0,2,2,5,1,2,5,60,480,137,0,137
1,2,3,3,1,0,5,60,437,291,0,249
1,3,1,1,1,1,0,480,317,0,0,77
1,3,4,5,1,2,0,60,291,189,0,77
0,2,2,4,1,2,1,111,429,309,0,274
1,2,3,2,1,1,6,0,403,291,0,214
0,3,4,3,0,2,0,17,420,600,0,360
1,3,2,3,1,2,0,129,330,386,0,240
1,2,5,4,1,1,6,81,399,300,2,274
0,3,4,5,0,0,0,0,394,171,0,326
0,3,3,5,0,1,0,31,317,1440,0,351
0,2,3,2,1,2,2,107,427,334,0,176
0,2,1,1,0,2,5,99,450,90,3,120
0,3,5,5,0,1,0,0,274,840,0,579
0,2,4,3,1,1,5,77,416,244,0,214
0,2,4,2,0,2,0,77,394,386,0,231
0,2,5,3,1,2,7,0,394,266,0,146
0,3,5,5,0,1,0,120,394,420,0,523
1,2,3,5,1,1,6,26,399,154,0,240
1,3,2,1,1,2,0,167,437,154,0,214
1,3,2,3,1,1,0,116,364,501,0,39
0,2,3,2,1,1,1,9,360,471,0,291
0,3,3,3,1,0,0,351,420,549,0,94
1,2,2,3,1,1,6,60,420,60,0,60
0,2,3,3,0,1,0,0,459,137,0,137
0,3,1,3,1,1,0,176,471,326,1,77
1,3,3,4,1,1,0,437,420,77,3,63
0,2,2,3,1,1,7,197,317,334,4,127
1,3,2,1,0,0,6,154,351,1440,0,171
0,2,1,5,1,1,5,94,480,80,0,60
1,3,3,2,1,2,0,514,960,274,0,120
0,2,3,3,1,2,1,69,437,214,0,137
1,3,2,1,1,2,0,231,274,154,0,137
0,2,3,3,0,2,5,69,429,154,0,77
1,2,4,3,1,2,3,9,394,669,0,180
1,2,3,3,1,1,6,60,360,171,1,291
0,3,4,4,0,1,0,0,394,754,0,926
1,2,5,5,1,0,0,0,514,471,0,386
0,3,4,5,0,2,0,0,360,446,0,386
0,2,3,3,1,1,1,77,450,249,0,171
1,3,3,3,1,1,0,506,429,506,0,77
1,3,3,3,0,0,0,0,429,1440,0,206
1,2,3,2,1,2,6,231,429,105,0,137
0,2,5,3,1,1,2,30,411,540,1,471
0,2,4,4,1,2,5,154,253,137,0,214
1,3,3,3,0,1,0,0,360,523,0,986
1,2,4,5,1,0,5,86,471,231,0,77
0,3,2,2,1,1,5,236,351,56,0,56
0,3,5,5,1,0,0,94,309,154,0,154
1,2,3,4,1,1,5,0,420,489,0,154
0,2,4,4,0,1,6,0,334,231,0,111
0,2,4,4,1,1,5,60,377,120,0,60
1,3,5,3,0,1,0,0,514,600,0,771
0,2,5,5,0,1,0,0,390,189,0,326
0,3,5,3,0,1,0,30,446,441,0,154
0,3,3,2,1,2,0,120,411,171,0,171
1,2,3,3,1,1,6,69,377,171,1,197
1,2,3,4,1,1,5,47,274,351,0,197
1,2,4,3,1,1,0,39,377,231,0,334
1,2,5,3,0,0,0,0,471,549,0,0
1,2,3,4,1,1,6,86,394,189,0,454
0,3,1,3,1,2,0,429,429,266,7,77
0,2,5,4,0,2,2,300,360,120,0,120
0,3,1,3,1,2,0,291,420,137,0,77
1,2,4,3,0,2,5,0,514,360,0,394
0,2,3,1,1,2,1,51,274,686,0,686
1,2,3,2,1,0,5,30,360,579,0,266
0,2,5,5,0,1,1,0,446,386,0,309
1,2,3,3,1,2,0,137,437,197,2,257
0,3,4,5,1,1,1,30,240,300,0,634
1,2,5,4,1,1,1,77,394,463,0,214
0,2,3,1,1,2,7,17,420,111,0,94
1,2,4,3,1,0,6,39,377,274,0,394
0,2,3,3,1,2,2,77,454,274,0,154
1,3,2,5,1,2,6,0,360,1440,3,651
0,2,3,2,1,1,5,56,334,223,0,197
1,2,3,2,1,0,6,39,420,171,0,77
1,2,3,3,1,2,5,39,399,279,0,279
0,2,3,3,1,0,7,137,377,94,0,30
1,2,5,3,1,1,0,171,411,480,0,351
0,3,3,3,1,2,0,450,377,94,0,131
1,2,5,2,1,0,2,60,394,214,2,30
1,3,2,3,1,2,0,369,420,60,6,62
0,3,4,3,0,1,0,56,394,351,0,309
0,2,4,4,1,2,0,47,360,137,0,120
0,2,3,3,1,1,6,51,437,274,0,154
0,2,5,5,0,0,6,69,394,231,0,214
0,2,4,4,1,1,6,56,317,189,1,197
0,2,3,3,0,1,0,69,373,326,0,137
1,3,2,1,1,1,0,0,377,137,0,197
1,2,5,5,0,1,0,0,416,583,0,480
1,2,4,2,1,0,7,17,450,60,0,120
0,3,4,4,0,2,0,0,420,711,0,334
1,2,3,5,0,1,7,39,420,94,0,77
0,2,5,4,0,2,0,0,429,669,0,711
0,3,3,2,1,1,0,30,351,754,0,549
0,2,5,3,0,2,5,0,463,377,0,377
1,3,5,4,1,0,0,60,506,1183,2,471
0,2,4,3,0,1,0,51,351,351,0,471
0,3,4,2,0,2,2,94,454,591,0,189
0,3,2,1,0,2,0,416,356,94,0,137
0,2,3,1,0,2,2,24,236,754,0,686
1,2,5,4,0,0,0,0,557,300,0,274
0,2,3,3,1,0,6,30,360,60,0,120
1,2,5,4,1,0,0,31,351,463,0,531
1,2,5,4,0,0,7,0,360,926,0,926
0,2,5,3,0,1,7,39,420,249,0,214
1,2,3,1,0,0,6,30,390,463,0,364
0,3,2,2,1,2,0,189,347,1440,0,154
1,3,4,3,1,2,0,137,429,249,0,154
0,3,3,3,1,1,5,30,411,351,0,1029
0,2,4,4,1,1,6,154,317,154,3,210
1,2,2,4,1,2,0,0,394,94,0,137
1,3,4,2,0,0,0,0,360,240,0,240
0,3,4,3,1,0,1,77,343,480,0,480
0,3,4,3,0,0,0,0,540,386,0,343
1,2,5,3,1,2,5,9,394,240,0,240
0,2,5,4,0,2,0,0,360,360,0,600
1,2,5,5,1,1,6,0,433,283,0,411
1,2,3,2,1,2,6,39,420,240,0,120
1,2,3,5,1,1,6,17,304,189,0,334
1,2,4,4,0,0,0,0,437,540,0,223
1,2,4,5,1,1,2,137,300,137,1,137
1,3,5,5,1,0,0,214,394,231,1,334
0,3,3,2,1,2,0,154,411,480,0,291
1,3,3,3,1,1,0,231,394,523,2,154
1,3,2,3,1,1,0,261,433,343,5,193
0,3,4,4,1,2,0,30,330,514,0,274
0,2,3,3,0,1,0,13,334,343,0,454
1,2,3,3,1,1,3,69,360,463,1,274
1,3,4,3,1,2,0,9,420,171,0,94
0,3,3,4,0,2,0,49,377,626,0,197
0,2,3,3,0,1,6,39,386,334,0,77
0,3,3,2,1,1,0,386,317,60,2,77
1,3,5,3,0,1,0,0,437,1097,0,514
1,2,3,3,1,0,7,39,480,334,0,253
0,3,3,3,1,1,0,154,454,463,0,77
0,2,4,2,1,0,6,9,429,343,0,274
1,2,4,4,0,1,0,0,394,309,0,266
0,2,3,2,1,1,6,56,377,77,0,66
1,2,3,4,0,0,5,6,411,279,0,386
0,3,5,4,0,1,0,0,0,0,0,463
0,2,3,3,0,1,1,0,390,926,0,549
1,2,5,5,1,2,4,154,300,231,1,214
0,2,1,5,1,1,0,94,300,154,0,360
0,3,5,5,0,1,2,334,463,231,0,471
1,2,4,4,1,1,6,47,360,266,0,480
1,3,2,2,1,2,0,240,300,60,0,60
1,2,2,4,1,1,2,137,394,137,0,144
0,3,5,3,1,1,0,17,454,754,0,549
0,2,2,1,1,0,5,99,407,154,0,137
0,3,2,2,1,2,0,351,360,60,7,120
1,3,3,3,0,1,0,0,549,266,0,69
1,3,3,4,0,2,0,0,416,711,0,137
0,3,5,5,1,1,1,0,360,300,0,720
0,3,3,3,0,1,0,0,274,626,0,669
0,2,4,3,0,2,3,19,360,69,0,137
0,3,3,2,1,1,0,197,317,171,0,94
0,3,3,2,1,1,0,60,420,309,2,94
1,2,5,5,1,1,5,0,390,356,0,240
1,3,5,5,1,0,0,107,240,514,0,497
1,3,3,2,1,1,0,171,407,463,2,274
0,2,3,2,1,2,6,107,339,231,0,377
0,2,4,5,1,0,5,30,317,231,1,429
0,3,3,3,1,1,0,111,480,309,0,300
1,2,5,2,0,1,0,17,394,249,0,214
1,2,4,5,1,1,5,39,330,231,0,197
1,3,3,2,1,2,6,94,480,300,0,193
1,2,4,4,1,1,7,60,416,154,0,99
0,2,3,2,1,0,4,30,416,291,0,274
0,2,2,2,1,1,2,180,416,197,0,219
1,3,5,5,1,0,0,369,351,137,6,120
0,2,5,5,1,2,6,103,356,94,1,197
0,2,1,1,1,1,5,39,471,334,0,334
1,3,3,1,0,2,0,0,420,300,0,420
0,3,5,4,0,2,0,0,360,189,0,274
1,3,5,5,1,0,0,343,429,60,6,120
1,3,5,5,0,2,0,0,334,626,0,420
0,2,5,3,0,1,7,0,437,429,0,351
1,2,4,3,0,1,7,77,351,429,0,351
0,1,3,5,0,0,0,0,429,274,0,214
1,2,5,5,0,0,6,9,377,454,0,309
0,2,3,2,0,1,0,39,394,600,0,231
1,3,3,4,1,1,0,411,274,77,7,0
0,2,3,4,0,1,1,39,411,309,0,274
0,2,3,3,0,2,0,9,497,223,0,189
0,2,3,1,0,0,0,0,446,711,0,471
1,3,3,5,1,1,6,60,360,309,0,394
0,2,3,1,0,2,6,99,411,154,0,77
0,2,3,4,0,2,1,124,334,197,1,214
0,3,4,2,1,1,0,184,454,193,2,116
0,3,4,4,1,2,0,77,429,360,0,214
0,3,5,4,1,1,0,30,291,351,0,257
0,3,3,4,1,2,0,313,394,137,6,120
1,2,5,2,0,2,0,0,394,840,1,1440
0,3,4,4,0,2,0,0,437,214,0,214
1,2,1,1,0,2,7,75,435,377,0,291
1,3,2,4,1,2,6,386,343,154,6,99
0,2,5,3,1,2,7,0,360,73,0,39
0,2,4,5,0,0,0,120,414,250,2,214
1,2,5,4,0,2,7,0,356,274,0,137
1,2,1,1,1,2,5,116,360,94,7,197
1,3,3,3,1,1,0,330,416,463,7,116
0,3,2,2,1,2,0,386,476,39,7,30
0,3,5,3,0,2,0,0,420,214,0,197
1,3,5,5,0,0,0,0,360,711,0,866
1,3,1,4,0,0,4,0,360,1440,0,0
1,2,3,4,1,1,6,30,420,317,0,274
1,2,3,1,0,0,0,0,377,703,0,514
1,3,1,2,1,2,0,257,360,60,0,39
1,2,4,4,0,1,5,0,429,471,0,274
0,2,3,3,1,1,2,197,423,506,5,274
0,3,2,3,1,2,0,137,471,351,0,257
0,3,3,2,1,2,0,137,334,214,0,137
0,2,3,3,1,1,5,77,497,171,0,137
0,3,4,3,1,0,0,369,377,159,1,146
0,2,5,1,0,2,7,0,463,583,0,480
0,2,5,5,1,2,5,77,360,154,1,197
1,3,5,5,0,2,0,0,360,549,0,429
0,3,4,4,1,1,0,99,437,377,0,377
0,3,4,3,1,1,7,39,326,351,1,317
1,3,1,5,1,2,0,214,471,214,4,120
0,3,3,3,1,2,0,130,399,154,0,120
1,2,5,4,1,2,6,0,360,180,0,300
0,2,3,3,0,1,6,43,377,249,0,351
0,2,3,3,1,1,2,60,454,249,2,77
1,2,5,5,1,0,6,56,347,240,0,489
1,2,3,3,0,2,1,10,351,1440,0,274
1,2,2,3,1,2,6,39,120,343,0,197
0,2,5,4,1,0,0,0,347,107,0,309
0,3,3,3,0,1,0,39,411,549,0,334
1,2,4,3,1,1,5,0,634,300,0,240
0,2,4,4,1,1,1,77,411,771,0,154
1,2,3,3,1,2,7,77,514,287,0,317
1,2,3,3,1,1,0,60,394,1140,0,300
0,2,3,3,0,0,0,39,506,420,0,231
1,2,5,3,0,0,1,30,360,231,0,360
0,2,3,3,0,2,1,154,416,94,0,137
1,3,1,1,1,2,0,386,171,4,7,0
1,2,5,5,1,0,5,99,437,343,0,471
0,2,4,2,0,0,0,137,343,351,0,514
1,3,5,3,1,1,0,154,454,420,0,214
0,3,5,5,0,1,0,0,394,214,0,386
0,3,3,3,1,0,1,231,416,214,1,197
1,3,2,3,0,2,6,133,394,94,0,114
0,2,3,2,0,1,6,0,420,163,0,180
0,2,5,5,0,1,0,0,274,506,0,386
0,3,5,4,0,2,5,39,360,729,0,986
0,3,1,1,0,0,0,116,257,506,0,557
1,2,5,3,0,2,7,9,510,497,0,797
1,3,1,1,1,2,0,137,360,334,0,257
0,2,3,2,1,1,7,13,540,154,0,137
1,3,3,4,0,2,0,60,377,386,0,274
1,2,2,3,1,1,5,373,356,129,2,154
1,3,4,3,1,0,0,429,300,137,6,77
0,2,4,3,0,2,6,77,394,197,2,317
0,3,3,3,0,0,0,21,334,214,0,506
0,2,4,3,0,2,6,60,489,154,0,300
0,3,4,4,1,2,0,0,411,343,0,351
0,2,4,3,1,0,6,69,369,197,0,180
1,3,2,1,1,2,0,317,437,111,6,111
0,3,5,4,1,2,0,214,377,171,0,150
1,3,3,4,0,1,0,0,420,214,0,334
0,2,3,2,0,0,1,214,411,669,0,116
1,2,3,5,0,1,0,26,420,471,0,300
0,2,3,4,1,2,2,39,351,257,0,471
0,3,3,3,0,2,0,9,437,317,0,231
0,3,3,1,1,1,0,120,334,334,0,197
0,2,5,5,0,2,0,77,437,334,0,334
0,3,4,3,0,0,0,10,411,437,0,197
0,3,3,5,1,2,0,137,351,180,0,77
0,2,3,3,0,0,1,30,514,857,0,214
0,2,3,4,0,2,5,60,343,326,0,197
0,3,2,2,0,1,0,9,394,326,0,197
0,3,2,2,1,1,0,60,480,171,0,77
0,3,3,2,1,1,6,60,394,274,0,60
0,2,3,4,1,0,5,60,480,197,0,159
1,2,5,5,1,1,5,0,420,377,0,300
1,3,4,3,0,1,0,0,240,531,0,498
0,3,3,3,1,1,0,30,334,617,0,583
0,3,2,5,1,1,0,30,360,1011,0,129
0,3,3,3,1,2,0,77,317,137,0,137
1,2,4,1,1,2,6,94,317,343,0,231
0,3,5,3,0,2,0,0,471,1097,0,30
0,3,3,4,0,2,1,154,437,180,0,94
1,2,4,3,0,2,0,0,403,463,0,334
1,2,4,4,1,1,0,60,420,506,0,334
1,3,5,3,0,1,0,257,437,686,0,300
0,2,3,4,0,2,0,51,454,274,0,274
0,3,2,3,1,2,0,60,351,420,1,266
1,2,3,3,1,2,0,77,411,926,1,171
1,2,5,5,1,2,5,0,471,334,0,309
1,3,3,3,1,1,3,231,360,180,3,771
0,3,3,1,1,2,7,77,394,120,1,60
1,2,4,4,0,0,0,0,300,300,0,360
0,2,2,4,1,1,6,14,416,189,0,81
1,2,3,3,1,2,2,189,300,420,0,154
0,3,3,2,1,2,0,150,351,369,0,283
0,3,2,3,1,2,0,189,334,77,0,60
0,2,2,3,1,1,6,99,394,377,0,197
1,2,5,5,1,1,6,120,420,120,0,70
0,2,4,3,1,1,0,0,386,669,0,214
1,2,3,4,1,1,6,0,480,300,0,94
1,2,5,3,1,2,0,0,514,300,0,249
0,2,3,3,1,1,6,81,360,120,1,77
0,2,3,3,1,1,1,193,377,77,2,154
0,3,3,3,1,1,0,360,317,60,5,99
0,2,5,5,1,1,1,0,450,1440,0,420
1,2,2,3,1,1,2,146,360,99,1,120
0,3,2,3,1,2,0,369,360,720,1,429
0,3,4,4,1,2,6,47,377,180,1,120
0,2,4,3,0,1,0,99,514,159,0,197
1,2,4,2,1,1,7,0,420,291,0,394
0,2,4,3,1,2,5,39,394,386,1,291
0,3,3,1,1,0,0,150,334,429,0,394
0,3,3,4,0,1,5,69,403,309,0,197
1,2,3,3,1,1,5,94,360,266,0,214
0,2,3,2,0,2,0,0,386,214,0,0
1,2,1,2,1,1,6,43,300,600,0,600
1,2,2,1,1,1,6,103,377,356,3,356
0,3,2,2,1,1,0,116,334,56,0,77
0,2,3,4,1,1,4,154,334,446,0,214
1,2,2,2,1,0,6,60,360,257,0,377
1,3,3,2,1,1,0,231,373,386,1,249
1,2,3,3,0,1,1,60,266,626,0,420
0,2,3,2,0,1,1,39,437,540,0,317
0,3,4,3,0,0,0,0,480,754,0,540
0,2,4,4,1,1,6,30,390,291,0,180
1,3,3,1,1,1,0,120,566,1054,3,514
1,3,3,3,0,0,0,9,437,240,0,137
1,2,4,5,1,1,6,86,399,129,0,223
0,3,1,2,1,1,0,80,437,30,1,30
0,2,3,3,1,2,2,30,433,249,0,214
1,2,3,3,1,0,0,69,360,480,0,257
0,3,2,4,1,2,0,94,309,94,0,120
0,2,3,5,0,2,0,103,403,394,0,154
0,3,3,3,1,2,2,154,411,171,0,94
1,3,4,3,1,1,0,39,437,197,0,197
0,2,5,5,0,2,7,9,467,193,0,154
0,3,5,3,1,2,0,343,300,197,7,137
1,3,4,5,1,1,0,420,253,574,0,231
0,3,3,3,1,2,0,261,300,120,0,60
0,2,4,2,0,1,2,39,317,231,0,116
0,3,4,4,1,2,0,154,394,754,0,386
0,2,5,2,0,1,0,0,394,471,0,137
0,3,3,3,1,2,0,154,300,1440,0,197
1,2,3,1,0,1,0,0,471,300,0,180
0,2,3,2,1,2,4,116,407,137,0,253
0,2,1,2,1,2,6,99,317,94,0,39
1,2,3,4,1,1,6,94,300,94,0,300
0,3,4,3,1,1,0,394,394,39,7,60
0,2,4,4,0,2,6,30,433,180,0,240
1,2,3,2,1,0,5,0,360,274,0,257
0,2,4,4,0,2,1,37,600,154,0,116
0,2,3,3,0,2,1,77,437,257,0,0
0,2,3,5,1,0,6,103,300,137,2,154
1,2,2,2,1,2,6,176,360,394,3,274
0,3,2,4,1,0,0,77,411,754,2,137
0,2,2,5,1,1,5,124,437,137,2,296
1,2,2,4,1,1,6,43,420,154,0,137
1,2,5,5,1,0,6,0,390,471,0,900
1,3,4,3,1,0,1,99,351,377,0,154
1,3,3,3,1,1,6,343,394,497,3,46
1,2,3,3,1,2,6,17,394,94,0,137
1,2,3,3,1,1,6,103,450,120,1,219
0,2,3,1,1,0,6,56,420,171,0,150
1,3,5,5,1,0,0,197,377,180,0,60
0,2,2,5,1,2,6,103,343,94,0,197
1,3,3,2,1,1,0,39,424,270,0,180
0,2,3,2,0,2,4,99,377,249,0,231
0,2,5,5,1,0,6,111,377,94,0,154
0,2,3,2,0,1,0,0,437,574,0,257
1,2,1,5,1,0,6,0,437,463,0,309
0,2,5,5,1,0,6,0,394,429,1,514
1,3,3,3,1,2,0,154,437,77,2,137
0,2,3,2,1,1,6,99,377,129,0,343
1,2,3,1,1,1,6,0,394,214,0,249
0,2,2,3,0,2,6,107,334,77,0,137
0,3,3,2,0,1,0,0,394,274,0,377
1,2,4,4,0,1,2,0,471,214,0,266
0,3,5,4,0,1,0,17,394,300,0,171
0,3,2,2,0,2,2,137,471,429,0,429
0,3,3,2,0,2,6,9,514,549,0,231
0,2,4,3,1,2,0,10,506,1440,2,343
0,2,3,3,1,2,6,154,360,137,3,137
1,3,2,4,1,0,3,197,437,236,2,240
1,2,3,4,1,1,7,94,377,77,0,274
1,2,4,4,1,0,6,77,339,261,0,171
0,3,3,3,1,1,0,39,394,300,0,236
0,3,5,5,1,0,0,193,386,600,3,197
0,2,3,3,1,1,1,60,420,360,0,214
0,2,5,5,1,2,6,60,317,137,3,257
1,3,4,3,1,1,6,107,467,124,0,167
0,3,5,4,0,2,0,0,416,429,0,394
1,3,4,3,0,2,7,39,300,471,1,411
1,2,3,4,0,0,7,6,420,180,0,274
0,3,5,4,1,1,0,484,334,137,7,137
0,2,2,4,1,0,1,39,471,386,0,274
0,3,4,5,1,2,0,231,360,231,0,337
1,2,5,4,1,2,2,0,454,249,0,180
1,2,2,4,1,2,6,94,450,116,0,107
0,2,4,3,0,0,1,0,386,300,0,240
1,3,4,4,1,1,0,30,377,360,0,240
1,2,3,3,1,1,1,39,497,343,0,429
1,2,4,3,0,0,0,0,463,351,0,266
1,3,3,3,1,2,0,399,296,107,4,77
1,2,3,3,1,1,5,30,437,291,0,219
1,2,4,4,1,1,1,77,394,291,0,429
0,3,3,3,1,0,0,377,304,334,7,49
1,2,5,5,0,2,7,0,214,137,0,60
0,2,2,2,1,2,2,77,454,189,0,39
1,3,2,3,0,1,0,10,433,703,0,677
1,3,2,2,1,2,0,240,420,600,2,180
0,3,4,3,1,1,0,309,360,60,1,60
0,2,5,4,1,1,0,0,334,300,0,471
0,2,5,5,1,2,7,0,360,266,0,300
0,2,4,5,0,0,0,120,360,634,0,480
0,3,3,4,0,2,0,0,300,223,0,223
1,2,3,3,0,1,6,39,480,291,0,73
0,2,3,3,1,1,5,39,420,180,0,180
0,2,4,3,1,1,7,17,420,223,0,274
1,2,1,1,1,2,0,249,300,231,3,90
0,3,3,3,1,1,7,386,300,154,7,137
1,2,4,4,1,0,0,60,386,343,0,343
1,2,5,5,0,1,0,0,326,1440,0,609
0,2,2,5,1,2,6,63,347,159,1,107
1,2,5,3,0,0,0,0,471,540,0,77
0,2,3,2,0,1,0,60,360,171,0,193
0,2,2,1,0,2,2,137,489,171,0,137
1,3,3,4,0,1,1,0,411,1183,0,737
0,3,4,3,1,2,0,17,351,840,1,686
0,2,5,3,1,1,2,107,411,343,1,120
0,2,4,3,0,1,0,0,523,489,0,403
1,2,5,5,0,1,3,0,420,600,0,249
1,3,2,1,1,2,5,116,300,90,0,21
0,2,3,1,0,2,7,137,437,133,0,343
0,3,4,3,1,2,0,291,334,377,2,137
0,2,4,2,1,2,2,137,339,94,1,197
0,3,5,5,1,1,0,0,300,154,0,351
0,3,4,4,1,2,0,343,369,77,2,154
1,3,5,2,0,0,0,0,480,420,0,257
1,2,3,3,0,1,3,0,514,300,0,300
1,3,3,4,0,2,0,0,377,291,0,274
0,2,2,2,1,2,6,107,369,326,0,197
1,3,3,4,1,1,0,137,360,154,0,120
0,3,3,3,1,1,0,0,334,471,0,231
0,3,3,3,1,0,0,356,433,146,4,154
1,3,5,4,1,2,0,334,373,56,7,116
1,2,3,3,1,1,3,60,326,583,0,497
0,3,3,3,1,1,1,30,437,429,0,214
0,2,3,4,1,1,6,111,375,129,0,214
0,3,3,3,1,2,0,231,394,1440,2,197
0,2,2,3,1,2,6,137,300,214,0,274
1,2,5,5,0,0,3,0,484,249,0,463
1,2,3,3,1,1,7,0,399,321,0,171
1,2,4,3,1,1,0,60,416,377,2,214
1,3,5,5,1,0,0,394,394,137,6,154
1,2,3,4,1,1,6,99,394,369,0,225
0,2,2,4,0,1,0,0,529,857,0,214
1,2,3,3,1,0,6,56,420,120,0,291
1,3,2,3,1,2,0,420,394,154,0,154
0,2,4,4,1,1,2,60,416,476,0,433
0,2,5,4,0,2,7,39,369,214,0,94
1,2,2,2,1,1,6,120,450,77,5,69
1,2,4,3,1,1,6,69,317,266,0,137
1,2,3,2,0,2,7,30,441,291,0,214
1,2,3,2,1,1,6,60,377,411,0,394
0,3,3,3,1,1,1,39,394,754,0,214
1,2,4,5,1,0,5,60,429,420,2,789
0,3,2,3,1,1,0,270,429,154,2,137
0,3,3,3,1,1,0,261,489,214,0,257
1,2,4,3,0,0,2,274,360,300,0,300
0,2,5,4,1,1,2,36,433,189,0,219
0,3,3,2,1,1,0,60,394,360,0,120
0,2,4,3,0,1,5,9,420,94,0,31
1,3,3,3,0,1,0,30,480,386,0,351
0,2,3,4,1,1,7,116,420,111,0,133
0,2,3,4,0,1,7,77,510,154,0,137
0,3,3,2,1,1,6,116,394,514,0,146
1,3,3,3,1,2,0,326,454,77,0,94
0,3,3,4,1,2,2,0,437,23,0,39
0,2,5,4,0,0,2,0,416,480,0,214
1,3,5,4,1,0,5,0,523,171,0,197
0,2,2,2,1,1,6,116,360,107,0,39
1,2,3,1,1,1,0,0,360,703,1,411
0,3,5,3,0,2,0,0,506,463,0,351
0,2,2,3,1,2,6,39,471,236,0,429
0,3,3,3,1,1,0,387,390,120,7,180
1,2,5,1,1,2,5,0,0,523,0,214
0,2,3,2,1,0,1,39,420,129,0,77
1,2,4,5,0,0,7,0,420,163,0,223
0,3,3,3,1,2,0,429,334,129,7,99
1,3,3,1,1,1,0,274,394,711,0,154
0,2,3,3,1,1,6,116,399,210,0,197
0,2,2,2,1,2,2,163,394,429,1,231
1,2,4,4,1,0,0,17,394,463,0,326
1,2,4,3,1,0,5,116,360,300,0,180
0,3,5,4,0,2,0,39,394,506,0,411
0,3,3,3,1,0,0,459,360,60,0,60
0,2,2,4,0,1,0,39,373,146,0,626
0,3,2,3,1,1,0,429,180,300,2,180
0,2,3,3,1,1,2,120,471,754,2,386
1,2,4,3,0,0,6,39,420,343,0,214
0,3,5,5,0,1,0,1,394,634,0,634
1,2,2,1,1,0,5,274,334,111,0,94
0,3,3,3,0,1,0,214,463,180,0,120
1,2,2,3,1,0,6,60,480,300,0,300
0,2,3,1,1,2,6,30,326,429,0,236
1,2,4,4,1,1,0,39,514,386,0,150
0,3,2,3,1,2,0,214,394,1097,0,120
1,3,3,3,1,1,0,60,377,463,0,463
0,2,3,1,0,2,5,0,360,240,0,240
0,3,2,3,1,0,0,214,343,154,2,154
1,3,4,3,0,1,0,16,429,386,0,429
1,3,2,3,1,1,0,429,334,137,1,137
1,3,3,2,1,1,6,0,437,180,0,180
1,2,3,3,1,1,5,120,360,94,2,120
1,2,3,3,1,1,0,77,480,309,0,154
0,2,5,5,0,1,0,21,386,711,0,506
0,3,2,3,1,1,0,83,360,231,0,240
0,2,3,3,0,2,6,120,300,343,0,120
1,3,2,2,1,1,0,394,407,60,3,99
1,2,5,5,0,2,2,69,227,169,0,413
1,2,3,3,0,2,5,0,463,360,0,231
1,2,3,2,1,1,2,47,463,437,0,94
0,3,5,4,0,0,0,17,386,291,0,171
1,3,2,2,1,1,0,171,360,171,0,274
0,3,3,2,1,2,0,420,347,197,6,300
1,3,3,4,1,1,5,171,351,1440,2,154
0,2,2,3,1,0,7,64,497,180,0,137
1,2,2,5,0,2,6,56,240,180,0,240
1,2,3,3,1,1,6,60,377,60,0,163
0,3,3,1,1,0,0,103,549,334,0,197
0,3,4,5,1,2,0,9,347,39,0,99
1,2,3,2,1,1,0,69,300,1440,0,463
0,3,3,3,1,2,0,60,454,463,1,259
0,2,3,2,1,1,6,34,429,343,0,171
1,3,3,4,1,2,5,137,334,334,0,214
0,2,5,5,0,0,0,0,609,934,0,1440
0,3,3,3,1,0,0,326,433,754,6,240
0,3,4,3,1,2,0,154,437,214,1,189
0,2,4,3,1,0,6,63,437,257,0,120
0,3,4,4,0,1,1,39,429,626,0,506
0,3,2,1,1,1,0,77,394,94,0,99
1,3,3,3,0,1,0,0,497,471,0,10
1,2,3,3,0,2,7,0,360,463,0,300
1,2,3,4,1,0,0,77,416,257,0,197
1,2,4,3,1,0,6,171,416,411,0,250
1,2,3,2,1,1,6,61,471,471,0,197
1,2,4,3,0,0,6,60,480,171,0,214
1,2,3,2,1,0,6,39,420,171,0,116
1,3,3,3,1,0,3,77,394,334,0,274
0,2,3,3,0,2,5,56,300,274,0,214
0,2,3,4,1,2,0,30,317,171,0,137
1,2,5,4,1,0,5,60,420,120,0,120
1,3,3,3,0,1,6,99,480,309,0,120
0,3,4,4,0,0,0,0,360,309,0,266
1,2,4,2,1,1,6,39,429,317,0,257
1,2,4,5,0,1,7,0,420,94,0,77
1,2,5,3,1,0,7,77,437,386,2,236
1,3,3,3,1,0,0,429,360,180,0,197
0,3,4,4,1,1,0,437,334,90,7,90
1,3,3,1,1,2,7,43,360,386,0,180
0,3,3,3,1,0,6,60,334,214,0,291
0,2,5,2,1,0,1,137,330,660,0,223
1,3,3,3,0,1,0,90,454,231,0,154
0,2,3,4,1,2,2,120,317,677,0,720
1,2,4,2,0,1,0,17,377,343,0,249
0,3,3,3,0,2,6,0,420,120,0,180
0,3,3,2,1,1,0,300,394,231,7,197
0,2,4,5,0,2,6,56,317,231,0,154
0,2,3,4,1,1,5,0,514,480,0,1114
1,2,5,5,1,0,6,0,437,326,0,197
0,2,3,3,1,2,3,99,377,249,2,266
0,2,4,3,1,1,1,69,437,437,0,77
0,2,5,3,1,1,4,77,394,429,0,116
0,2,5,4,0,0,0,0,360,1440,0,926
0,2,3,5,1,1,6,116,317,137,0,137
1,2,4,2,1,0,0,39,377,1097,0,549
0,3,3,2,0,0,0,17,433,146,0,351
0,2,4,5,1,0,6,137,369,506,0,214
0,2,5,3,0,1,0,0,441,253,0,77
0,3,5,4,0,2,6,60,471,231,0,77
1,2,4,3,1,1,6,60,420,60,0,420
0,3,3,4,1,2,6,287,433,154,2,94
0,3,5,3,0,1,0,0,610,418,0,214
0,3,5,5,1,2,0,36,351,1140,1,643
0,3,3,5,1,2,7,334,360,257,0,214
1,2,3,3,1,0,1,16,283,343,0,334
1,2,3,2,1,0,6,30,420,171,0,137
1,2,4,5,0,1,6,0,420,600,0,300
0,3,4,3,0,1,0,19,291,694,0,677
1,2,4,3,0,0,6,60,437,171,0,154
0,3,4,4,1,2,0,176,420,137,0,240
1,3,3,3,1,2,0,326,411,77,5,137
1,3,5,5,1,2,0,0,377,309,0,231
0,3,1,4,1,1,1,137,454,274,0,197
1,2,3,3,0,1,6,69,377,463,0,351
1,2,2,2,1,2,1,14,416,334,0,154
0,2,3,3,1,2,6,116,399,84,1,137
0,3,4,3,1,1,0,257,394,154,2,211
0,3,5,4,0,2,0,0,364,377,0,309
1,2,5,3,1,0,6,0,430,171,0,219
1,3,3,3,0,1,0,77,416,703,0,334
1,2,3,4,1,2,6,23,360,257,0,197
0,2,3,2,1,2,0,39,454,386,0,137
0,2,5,3,0,2,2,0,377,214,0,274
0,2,4,3,0,0,5,26,411,343,0,253
1,2,5,5,0,2,0,69,334,300,2,111
0,2,3,3,1,0,5,77,377,154,0,180
1,2,3,1,1,1,0,30,437,334,0,270
0,3,4,5,1,2,0,343,334,17,0,214
1,3,2,1,1,1,0,321,429,94,6,137
1,2,2,2,1,1,6,94,399,274,0,260
0,3,5,4,0,1,0,10,394,1440,0,377
0,2,3,3,1,1,6,77,377,189,6,317
1,3,3,3,1,2,0,30,360,840,0,180
0,2,3,3,1,0,1,0,394,523,0,566
0,2,5,3,1,2,7,30,523,334,0,283
1,2,5,5,1,0,6,30,360,171,2,137
0,2,3,3,1,0,5,69,420,111,0,171
1,3,3,4,0,1,0,0,454,249,0,343
0,2,5,1,0,0,7,0,300,771,0,771
1,2,3,4,0,1,0,69,394,283,0,231
1,3,5,5,0,1,0,17,420,137,0,137
0,2,4,5,0,2,0,0,429,334,0,231